07.04.2022 00:17:44, images/0m0zsws4.jkf.png, kowalski
16.04.2022 00:12:09, images/0m0zsws4.jkf.png, ola ma kota
29.04.2022 00:12:09, images/0m0zsws4.jkf.png, adam nowak
07.04.2022 00:18:21, images/s4gqmjhe.phu.png, stefan p
07.04.2022 12:32:58, images/0m0zsws4.jkf.png, lalaal
07.04.2022 01:14:15, images/45it0uqj.tix.png, bartek
07.04.2022 01:15:06, images/45it0uqj.tix.png, ola
07.04.2022 01:15:06, images/45it0uqj.tix.png, tomek
21.04.2022 17:12:57, images/s5uwoycy.2o3.png, bassdanjk
09.04.2022 08:08:08, images/nwagtx0r.qnu.png, ja
09.04.2022 08:08:08, images/0m0zsws4.jkf.png, ja
09.04.2022 08:08:08, images/0m0zsws4.jkf.png, ja
09.04.2022 08:08:08, images/0m0zsws4.jkf.png, ja
21.04.2022 20:55:03, images/0m0zsws4.jkf.png, hghjvh
21.04.2022 21:55:03, images/0m0zsws4.jkf.png, hghjvh
21.04.2022 21:55:03, images/0m0zsws4.jkf.png, hghjvh
22.04.2022 20:59:27, images/0m0zsws4.jkf.png, tomek k
22.04.2022 20:59:27, images/0m0zsws4.jkf.png, tomek k
30.04.2022 21:00:50, images/0m0zsws4.jkf.png, Tomek Nowak
30.04.2022 21:00:50, images/0m0zsws4.jkf.png, Tomek Nowak
30.04.2022 21:00:50, images/0m0zsws4.jkf.png, Tomek Nowak
30.04.2022 15:01:32, images/0m0zsws4.jkf.png, Adam Lala
30.04.2022 15:01:32, images/0m0zsws4.jkf.png, Adam Lala
30.04.2022 15:01:32, images/0m0zsws4.jkf.png, Adam Lala
30.04.2022 15:01:32, images/0m0zsws4.jkf.png, Adam Lala
30.04.2022 15:01:32, images/0m0zsws4.jkf.png, Adam Lala
21.04.2022 21:03:18, images/45it0uqj.tix.png, ala
01.05.2022 21:03:18, images/0m0zsws4.jkf.png, alak
01.05.2022 21:03:18, images/0m0zsws4.jkf.png, alak
14.04.2022 21:04:22, images/0m0zsws4.jkf.png, stasiek
